贼巢未分级版.2018.BD.1080P.中英双字,magnet:?xt=urn:btih:e39f5d6bc85fe1b94089ad1d871ee998204fff96&dn=%e9%98%b3%e5%85%89%e7%94%b5%e5%bd%b1dygod.org.%e8%b4%bc%e5%b7%a2%e6%9c%aa%e5%88%86%e7%ba%a7%e7%89%88.2018.BD.1080P.%e4%b8%ad%e8%8b%b1%e5%8f%8c%e5%ad%97.mkv&tr=udp%3a%2f%2ftracker.opentrackr.org%3a1337%2fannounce&tr=udp%3a%2f%2fexodus.desync.com%3a6969%2fannounce
贼巢2：绝密战境.2025.BD.1080P.中英双字,magnet:?xt=urn:btih:5ddec57a845714f45a7dd919e198671ad0bd33d6&dn=%e9%98%b3%e5%85%89%e7%94%b5%e5%bd%b1dygod.org.%e8%b4%bc%e5%b7%a22%ef%bc%9a%e7%bb%9d%e5%af%86%e6%88%98%e5%a2%83.2025.BD.1080P.%e4%b8%ad%e8%8b%b1%e5%8f%8c%e5%ad%97.mkv&tr=udp%3a%2f%2ftracker.opentrackr.org%3a1337%2fannounce&tr=udp%3a%2f%2fexodus.desync.com%3a6969%2fannounce
艾曼纽.2024.BD.1080P.中英双字,magnet:?xt=urn:btih:ea12d4f9a5e26b307c8519d3338141abca0755f7&dn=%e9%98%b3%e5%85%89%e7%94%b5%e5%bd%b1dygod.org.%e8%89%be%e6%9b%bc%e7%ba%bd.2024.BD.1080P.%e4%b8%ad%e8%8b%b1%e5%8f%8c%e5%ad%97.mkv&tr=udp%3a%2f%2ftracker.opentrackr.org%3a1337%2fannounce&tr=udp%3a%2f%2fexodus.desync.com%3a6969%2fannounce
猎魔人：深渊海妖.2025.BD.1080P.中英双字,magnet:?xt=urn:btih:ec1476e36443c38163b681ca12aaba8adaee0625&dn=%e9%98%b3%e5%85%89%e7%94%b5%e5%bd%b1dygod.org.%e7%8c%8e%e9%ad%94%e4%ba%ba%ef%bc%9a%e6%b7%b1%e6%b8%8a%e6%b5%b7%e5%a6%96.2025.BD.1080P.%e4%b8%ad%e8%8b%b1%e5%8f%8c%e5%ad%97.mkv&tr=udp%3a%2f%2ftracker.opentrackr.org%3a1337%2fannounce&tr=udp%3a%2f%2fexodus.desync.com%3a6969%2fannounce
不想和你有遗憾.2024.HD.1080P.国语中字,magnet:?xt=urn:btih:6225879827c3e8f648938e8b135022b5d2c73abb&dn=%e9%98%b3%e5%85%89%e7%94%b5%e5%bd%b1dygod.org.%e4%b8%8d%e6%83%b3%e5%92%8c%e4%bd%a0%e6%9c%89%e9%81%97%e6%86%be.2024.HD.1080P.%e5%9b%bd%e8%af%ad%e4%b8%ad%e5%ad%97.mkv&tr=udp%3a%2f%2ftracker.opentrackr.org%3a1337%2fannounce&tr=udp%3a%2f%2fexodus.desync.com%3a6969%2fannounce
噬魂岛.2024.HD.1080P.国语中字,magnet:?xt=urn:btih:fd1d3fe7a9ffeb8e3b7aba39e1fb4a704664e3ef&dn=%e9%98%b3%e5%85%89%e7%94%b5%e5%bd%b1dygod.org.%e5%99%ac%e9%ad%82%e5%b2%9b.2024.HD.1080P.%e5%9b%bd%e8%af%ad%e4%b8%ad%e5%ad%97.mp4&tr=udp%3a%2f%2ftracker.opentrackr.org%3a1337%2fannounce&tr=udp%3a%2f%2fexodus.desync.com%3a6969%2fannounce
完美伴侣.2024.BD.1080P.中英双字,magnet:?xt=urn:btih:61692762ad70641043d96015c5abe17d5c1400f8&dn=%e9%98%b3%e5%85%89%e7%94%b5%e5%bd%b1dygod.org.%e5%ae%8c%e7%be%8e%e4%bc%b4%e4%be%a3.2024.BD.1080P.%e4%b8%ad%e8%8b%b1%e5%8f%8c%e5%ad%97.mkv&tr=udp%3a%2f%2ftracker.opentrackr.org%3a1337%2fannounce&tr=udp%3a%2f%2fexodus.desync.com%3a6969%2fannounce
狮子王：木法沙传奇.2024.BD.1080P.中英双字,magnet:?xt=urn:btih:37792b75df0ec70d638ce148a8071422b19ec010&dn=%e9%98%b3%e5%85%89%e7%94%b5%e5%bd%b1dygod.org.%e7%8b%ae%e5%ad%90%e7%8e%8b%ef%bc%9a%e6%9c%a8%e6%b3%95%e6%b2%99%e4%bc%a0%e5%a5%87.2024.BD.1080P.%e4%b8%ad%e8%8b%b1%e5%8f%8c%e5%ad%97.mkv&tr=udp%3a%2f%2ftracker.opentrackr.org%3a1337%2fannounce&tr=udp%3a%2f%2fexodus.desync.com%3a6969%2fannounce
特警荣耀.2025.HD.1080P.国语中字,magnet:?xt=urn:btih:a868c26e3766c1e899164aa17504548f0efafc7b&dn=%e9%98%b3%e5%85%89%e7%94%b5%e5%bd%b1dygod.org.%e7%89%b9%e8%ad%a6%e8%8d%a3%e8%80%80.2025.HD.1080P.%e5%9b%bd%e8%af%ad%e4%b8%ad%e5%ad%97.mkv&tr=udp%3a%2f%2ftracker.opentrackr.org%3a1337%2fannounce&tr=udp%3a%2f%2fexodus.desync.com%3a6969%2fannounce
噢，加拿大.2024.BD.1080P.中英双字,magnet:?xt=urn:btih:f697c3e6744acec78f2886e4ca468bf671dbe548&dn=%e9%98%b3%e5%85%89%e7%94%b5%e5%bd%b1dygod.org.%e5%99%a2%ef%bc%8c%e5%8a%a0%e6%8b%bf%e5%a4%a7.2024.BD.1080P.%e4%b8%ad%e8%8b%b1%e5%8f%8c%e5%ad%97.mkv&tr=udp%3a%2f%2ftracker.opentrackr.org%3a1337%2fannounce&tr=udp%3a%2f%2fexodus.desync.com%3a6969%2fannounce
害虫.2023.BD.1080P.中英双字,magnet:?xt=urn:btih:ba28ba885e6729bbded70bb6da88a726a53d2ac6&dn=%e9%98%b3%e5%85%89%e7%94%b5%e5%bd%b1dygod.org.%e5%ae%b3%e8%99%ab.2023.BD.1080P.%e4%b8%ad%e8%8b%b1%e5%8f%8c%e5%ad%97.mkv&tr=udp%3a%2f%2ftracker.opentrackr.org%3a1337%2fannounce&tr=udp%3a%2f%2fexodus.desync.com%3a6969%2fannounce
神圣无花果之种.2024.BD.1080P.中英双字,magnet:?xt=urn:btih:c421cbc05debc23f88853838cacfed3fb59fd769&dn=%e9%98%b3%e5%85%89%e7%94%b5%e5%bd%b1dygod.org.%e7%a5%9e%e5%9c%a3%e6%97%a0%e8%8a%b1%e6%9e%9c%e4%b9%8b%e7%a7%8d.2024.BD.1080P.%e4%b8%ad%e8%8b%b1%e5%8f%8c%e5%ad%97.mkv&tr=udp%3a%2f%2ftracker.opentrackr.org%3a1337%2fannounce&tr=udp%3a%2f%2fexodus.desync.com%3a6969%2fannounce
真正的痛苦.2024.BD.1080P.中英双字,magnet:?xt=urn:btih:f1c6d96b7954505dfbf07df82b1e4f12ffa2f72d&dn=%e9%98%b3%e5%85%89%e7%94%b5%e5%bd%b1dygod.org.%e7%9c%9f%e6%ad%a3%e7%9a%84%e7%97%9b%e8%8b%a6.2024.BD.1080P.%e4%b8%ad%e8%8b%b1%e5%8f%8c%e5%ad%97.mkv&tr=udp%3a%2f%2ftracker.opentrackr.org%3a1337%2fannounce&tr=udp%3a%2f%2fexodus.desync.com%3a6969%2fannounce
得宠先生.2024.BD.1080P.国粤双语中字,magnet:?xt=urn:btih:6bf9f96eb03e9f388c88396147af9de444b50508&dn=%e9%98%b3%e5%85%89%e7%94%b5%e5%bd%b1dygod.org.%e5%be%97%e5%ae%a0%e5%85%88%e7%94%9f.2024.BD.1080P.%e5%9b%bd%e7%b2%a4%e5%8f%8c%e8%af%ad%e4%b8%ad%e5%ad%97.mkv&tr=udp%3a%2f%2ftracker.opentrackr.org%3a1337%2fannounce&tr=udp%3a%2f%2fexodus.desync.com%3a6969%2fannounce
峡谷.2025.BD.1080P.中英双字,magnet:?xt=urn:btih:1e6d4b496beeabbd6b2af5108a2228c25746a91d&dn=%e9%98%b3%e5%85%89%e7%94%b5%e5%bd%b1dygod.org.%e5%b3%a1%e8%b0%b7.2025.BD.1080P.%e4%b8%ad%e8%8b%b1%e5%8f%8c%e5%ad%97.mkv&tr=udp%3a%2f%2ftracker.opentrackr.org%3a1337%2fannounce&tr=udp%3a%2f%2fexodus.desync.com%3a6969%2fannounce
“骗骗”喜欢你.2025.HD.1080P.国语中英双字,magnet:?xt=urn:btih:ad64aad65e3ae667cd5853b1bfc8703e25da1b29&dn=%e9%98%b3%e5%85%89%e7%94%b5%e5%bd%b1dygod.org.%e2%80%9c%e9%aa%97%e9%aa%97%e2%80%9d%e5%96%9c%e6%ac%a2%e4%bd%a0.2025.HD.1080P.%e5%9b%bd%e8%af%ad%e4%b8%ad%e8%8b%b1%e5%8f%8c%e5%ad%97.mkv&tr=udp%3a%2f%2ftracker.opentrackr.org%3a1337%2fannounce&tr=udp%3a%2f%2fexodus.desync.com%3a6969%2fannounce
谍徒迷局.2025.HD.1080P.国语中字,magnet:?xt=urn:btih:efac44931103d946e519347b9f06e27e6b9dc2b7&dn=%e9%98%b3%e5%85%89%e7%94%b5%e5%bd%b1dygod.org.%e8%b0%8d%e5%be%92%e8%bf%b7%e5%b1%80.2025.HD.1080P.%e5%9b%bd%e8%af%ad%e4%b8%ad%e5%ad%97.mkv&tr=udp%3a%2f%2ftracker.opentrackr.org%3a1337%2fannounce&tr=udp%3a%2f%2fexodus.desync.com%3a6969%2fannounce
周末狂飙.2024.BD.1080P.中字,magnet:?xt=urn:btih:9f08f742a4d27fef8f30468cb307132f88ecedf5&dn=%e9%98%b3%e5%85%89%e7%94%b5%e5%bd%b1dygod.org.%e5%91%a8%e6%9c%ab%e7%8b%82%e9%a3%99.2024.BD.1080P.%e4%b8%ad%e5%ad%97.mkv&tr=udp%3a%2f%2ftracker.opentrackr.org%3a1337%2fannounce&tr=udp%3a%2f%2fexodus.desync.com%3a6969%2fannounce
青蛇缘起.2025.HD.1080P.国语中字,magnet:?xt=urn:btih:b98096963441e801ed72ea90ec51821ca0777ac4&dn=%e9%98%b3%e5%85%89%e7%94%b5%e5%bd%b1dygod.org.%e9%9d%92%e8%9b%87%e7%bc%98%e8%b5%b7.2025.HD.1080P.%e5%9b%bd%e8%af%ad%e4%b8%ad%e5%ad%97.mkv&tr=udp%3a%2f%2ftracker.opentrackr.org%3a1337%2fannounce&tr=udp%3a%2f%2fexodus.desync.com%3a6969%2fannounce
天虎突击队.2025.HD.1080P.国语中字,magnet:?xt=urn:btih:de04cefac0c5a8739d7d52e36526f5aff0247243&dn=%e9%98%b3%e5%85%89%e7%94%b5%e5%bd%b1dygod.org.%e5%a4%a9%e8%99%8e%e7%aa%81%e5%87%bb%e9%98%9f.2025.HD.1080P.%e5%9b%bd%e8%af%ad%e4%b8%ad%e5%ad%97.mkv&tr=udp%3a%2f%2ftracker.opentrackr.org%3a1337%2fannounce&tr=udp%3a%2f%2fexodus.desync.com%3a6969%2fannounce
雨中的情欲.2024.HD.1080P.日语中字,magnet:?xt=urn:btih:fc7299876b4f56f322dca701faa2b68948eb309a&dn=%e9%98%b3%e5%85%89%e7%94%b5%e5%bd%b1dygod.org.%e9%9b%a8%e4%b8%ad%e7%9a%84%e6%83%85%e6%ac%b2.2024.HD.1080P.%e6%97%a5%e8%af%ad%e4%b8%ad%e5%ad%97.mkv&tr=udp%3a%2f%2ftracker.opentrackr.org%3a1337%2fannounce&tr=udp%3a%2f%2fexodus.desync.com%3a6969%2fannounce
狐妖传说.2025.HD.1080P.国语中字,magnet:?xt=urn:btih:f5eab97fb1711318a6c46d18239cdbd9f8d10bbe&dn=%e9%98%b3%e5%85%89%e7%94%b5%e5%bd%b1dygod.org.%e7%8b%90%e5%a6%96%e4%bc%a0%e8%af%b4.2025.HD.1080P.%e5%9b%bd%e8%af%ad%e4%b8%ad%e5%ad%97.mkv&tr=udp%3a%2f%2ftracker.opentrackr.org%3a1337%2fannounce&tr=udp%3a%2f%2fexodus.desync.com%3a6969%2fannounce
热辣滚烫.2024.BD.1080P.国语中字,magnet:?xt=urn:btih:03b1eb37e72d9a2dc61dedbc418fd944b9dcb145&dn=%e9%98%b3%e5%85%89%e7%94%b5%e5%bd%b1dygod.org.%e7%83%ad%e8%be%a3%e6%bb%9a%e7%83%ab.2024.BD.1080P.%e5%9b%bd%e8%af%ad%e4%b8%ad%e5%ad%97.mkv&tr=udp%3a%2f%2ftracker.opentrackr.org%3a1337%2fannounce&tr=udp%3a%2f%2fexodus.desync.com%3a6969%2fannounce
听说(韩版).2024.HD.1080P.韩语中字,magnet:?xt=urn:btih:da84a8e5959395395e352cbb25aef1e100b1bbb5&dn=%e9%98%b3%e5%85%89%e7%94%b5%e5%bd%b1dygod.org.%e5%90%ac%e8%af%b4(%e9%9f%a9%e7%89%88).2024.HD.1080P.%e9%9f%a9%e8%af%ad%e4%b8%ad%e5%ad%97.mkv&tr=udp%3a%2f%2ftracker.opentrackr.org%3a1337%2fannounce&tr=udp%3a%2f%2fexodus.desync.com%3a6969%2fannounce
那个孩子是谁？.2024.HD.1080P.日语中字,magnet:?xt=urn:btih:11cead152f0ee00b6f520331f20b83263a594a42&dn=%e9%98%b3%e5%85%89%e7%94%b5%e5%bd%b1dygod.org.%e9%82%a3%e4%b8%aa%e5%ad%a9%e5%ad%90%e6%98%af%e8%b0%81%ef%bc%9f.2024.HD.1080P.%e6%97%a5%e8%af%ad%e4%b8%ad%e5%ad%97.mkv&tr=udp%3a%2f%2ftracker.opentrackr.org%3a1337%2fannounce&tr=udp%3a%2f%2fexodus.desync.com%3a6969%2fannounce
黑箱日记.2024.HD.1080P.中字,magnet:?xt=urn:btih:aea8697dfb40d01ea5926bd846293a5e67fda333&dn=%e9%98%b3%e5%85%89%e7%94%b5%e5%bd%b1dygod.org.%e9%bb%91%e7%ae%b1%e6%97%a5%e8%ae%b0.2024.HD.1080P.%e4%b8%ad%e5%ad%97.mkv&tr=udp%3a%2f%2ftracker.opentrackr.org%3a1337%2fannounce&tr=udp%3a%2f%2fexodus.desync.com%3a6969%2fannounce
幻影战士.2024.BD.1080P.中英双字,magnet:?xt=urn:btih:d68daad5602c6fb299a58a861c08aa0f62c3bdbe&dn=%e9%98%b3%e5%85%89%e7%94%b5%e5%bd%b1dygod.org.%e5%b9%bb%e5%bd%b1%e6%88%98%e5%a3%ab.2024.BD.1080P.%e4%b8%ad%e8%8b%b1%e5%8f%8c%e5%ad%97.mkv&tr=udp%3a%2f%2ftracker.opentrackr.org%3a1337%2fannounce&tr=udp%3a%2f%2fexodus.desync.com%3a6969%2fannounce
致命录像带：超越.2024.BD.1080P.中英双字,magnet:?xt=urn:btih:7fc0a0ae09a5db67be24ecdbf502c20f65c6680f&dn=%e9%98%b3%e5%85%89%e7%94%b5%e5%bd%b1dygod.org.%e8%87%b4%e5%91%bd%e5%bd%95%e5%83%8f%e5%b8%a6%ef%bc%9a%e8%b6%85%e8%b6%8a.2024.BD.1080P.%e4%b8%ad%e8%8b%b1%e5%8f%8c%e5%ad%97.mkv&tr=udp%3a%2f%2ftracker.opentrackr.org%3a1337%2fannounce&tr=udp%3a%2f%2fexodus.desync.com%3a6969%2fannounce
老枪.2024.HD.1080P.国语中英双字,magnet:?xt=urn:btih:e3555eaef71d259de42aa5342ba5037ab83c7c52&dn=%e9%98%b3%e5%85%89%e7%94%b5%e5%bd%b1dygod.org.%e8%80%81%e6%9e%aa.2024.HD.1080P.%e5%9b%bd%e8%af%ad%e4%b8%ad%e8%8b%b1%e5%8f%8c%e5%ad%97.mkv&tr=udp%3a%2f%2ftracker.opentrackr.org%3a1337%2fannounce&tr=udp%3a%2f%2fexodus.desync.com%3a6969%2fannounce
狼人.2025.BD.1080P.中英双字,magnet:?xt=urn:btih:4e908f74858d5bf403cfbcb746b8cac6ad72e9d3&dn=%e9%98%b3%e5%85%89%e7%94%b5%e5%bd%b1dygod.org.%e7%8b%bc%e4%ba%ba.2025.BD.1080P.%e4%b8%ad%e8%8b%b1%e5%8f%8c%e5%ad%97.mkv&tr=udp%3a%2f%2ftracker.opentrackr.org%3a1337%2fannounce&tr=udp%3a%2f%2fexodus.desync.com%3a6969%2fannounce
