　不想和你有遗憾, magnet:?xt=urn:btih:6225879827c3e8f648938e8b135022b5d2c73abb&amp;dn=%e9%98%b3%e5%85%89%e7%94%b5%e5%bd%b1dygod.org.%e4%b8%8d%e6%83%b3%e5%92%8c%e4%bd%a0%e6%9c%89%e9%81%97%e6%86%be.2024.HD.1080P.%e5%9b%bd%e8%af%ad%e4%b8%ad%e5%ad%97.mkv&amp;tr=udp%3a%2f%2ftracker.opentrackr.org%3a1337%2fannounce&amp;tr=udp%3a%2f%2fexodus.desync.com%3a6969%2fannounce
　Companion, magnet:?xt=urn:btih:61692762ad70641043d96015c5abe17d5c1400f8&amp;dn=%e9%98%b3%e5%85%89%e7%94%b5%e5%bd%b1dygod.org.%e5%ae%8c%e7%be%8e%e4%bc%b4%e4%be%a3.2024.BD.1080P.%e4%b8%ad%e8%8b%b1%e5%8f%8c%e5%ad%97.mkv&amp;tr=udp%3a%2f%2ftracker.opentrackr.org%3a1337%2fannounce&amp;tr=udp%3a%2f%2fexodus.desync.com%3a6969%2fannounce
　Mufasa: The Lion King, magnet:?xt=urn:btih:37792b75df0ec70d638ce148a8071422b19ec010&amp;dn=%e9%98%b3%e5%85%89%e7%94%b5%e5%bd%b1dygod.org.%e7%8b%ae%e5%ad%90%e7%8e%8b%ef%bc%9a%e6%9c%a8%e6%b3%95%e6%b2%99%e4%bc%a0%e5%a5%87.2024.BD.1080P.%e4%b8%ad%e8%8b%b1%e5%8f%8c%e5%ad%97.mkv&amp;tr=udp%3a%2f%2ftracker.opentrackr.org%3a1337%2fannounce&amp;tr=udp%3a%2f%2fexodus.desync.com%3a6969%2fannounce
　&#1583;&#1575;&#1606;&#1607; &#1575;&#1606;&#1580;&#1740;&#1585; &#1605;&#1593;&#1575;&#1576;&#1583;/The Seed of the Sacred Fig, magnet:?xt=urn:btih:c421cbc05debc23f88853838cacfed3fb59fd769&amp;dn=%e9%98%b3%e5%85%89%e7%94%b5%e5%bd%b1dygod.org.%e7%a5%9e%e5%9c%a3%e6%97%a0%e8%8a%b1%e6%9e%9c%e4%b9%8b%e7%a7%8d.2024.BD.1080P.%e4%b8%ad%e8%8b%b1%e5%8f%8c%e5%ad%97.mkv&amp;tr=udp%3a%2f%2ftracker.opentrackr.org%3a1337%2fannounce&amp;tr=udp%3a%2f%2fexodus.desync.com%3a6969%2fannounce
　A Real Pain, magnet:?xt=urn:btih:f1c6d96b7954505dfbf07df82b1e4f12ffa2f72d&amp;dn=%e9%98%b3%e5%85%89%e7%94%b5%e5%bd%b1dygod.org.%e7%9c%9f%e6%ad%a3%e7%9a%84%e7%97%9b%e8%8b%a6.2024.BD.1080P.%e4%b8%ad%e8%8b%b1%e5%8f%8c%e5%ad%97.mkv&amp;tr=udp%3a%2f%2ftracker.opentrackr.org%3a1337%2fannounce&amp;tr=udp%3a%2f%2fexodus.desync.com%3a6969%2fannounce
　得宠先生/狗转人生, magnet:?xt=urn:btih:6bf9f96eb03e9f388c88396147af9de444b50508&amp;dn=%e9%98%b3%e5%85%89%e7%94%b5%e5%bd%b1dygod.org.%e5%be%97%e5%ae%a0%e5%85%88%e7%94%9f.2024.BD.1080P.%e5%9b%bd%e7%b2%a4%e5%8f%8c%e8%af%ad%e4%b8%ad%e5%ad%97.mkv&amp;tr=udp%3a%2f%2ftracker.opentrackr.org%3a1337%2fannounce&amp;tr=udp%3a%2f%2fexodus.desync.com%3a6969%2fannounce
　The Gorge, magnet:?xt=urn:btih:1e6d4b496beeabbd6b2af5108a2228c25746a91d&amp;dn=%e9%98%b3%e5%85%89%e7%94%b5%e5%bd%b1dygod.org.%e5%b3%a1%e8%b0%b7.2025.BD.1080P.%e4%b8%ad%e8%8b%b1%e5%8f%8c%e5%ad%97.mkv&amp;tr=udp%3a%2f%2ftracker.opentrackr.org%3a1337%2fannounce&amp;tr=udp%3a%2f%2fexodus.desync.com%3a6969%2fannounce
　&ldquo;骗骗&rdquo;喜欢你, magnet:?xt=urn:btih:ad64aad65e3ae667cd5853b1bfc8703e25da1b29&amp;dn=%e9%98%b3%e5%85%89%e7%94%b5%e5%bd%b1dygod.org.%e2%80%9c%e9%aa%97%e9%aa%97%e2%80%9d%e5%96%9c%e6%ac%a2%e4%bd%a0.2025.HD.1080P.%e5%9b%bd%e8%af%ad%e4%b8%ad%e8%8b%b1%e5%8f%8c%e5%ad%97.mkv&amp;tr=udp%3a%2f%2ftracker.opentrackr.org%3a1337%2fannounce&amp;tr=udp%3a%2f%2fexodus.desync.com%3a6969%2fannounce
　热辣滚烫, magnet:?xt=urn:btih:03b1eb37e72d9a2dc61dedbc418fd944b9dcb145&amp;dn=%e9%98%b3%e5%85%89%e7%94%b5%e5%bd%b1dygod.org.%e7%83%ad%e8%be%a3%e6%bb%9a%e7%83%ab.2024.BD.1080P.%e5%9b%bd%e8%af%ad%e4%b8%ad%e5%ad%97.mkv&amp;tr=udp%3a%2f%2ftracker.opentrackr.org%3a1337%2fannounce&amp;tr=udp%3a%2f%2fexodus.desync.com%3a6969%2fannounce
　Black Box Diaries, magnet:?xt=urn:btih:aea8697dfb40d01ea5926bd846293a5e67fda333&amp;dn=%e9%98%b3%e5%85%89%e7%94%b5%e5%bd%b1dygod.org.%e9%bb%91%e7%ae%b1%e6%97%a5%e8%ae%b0.2024.HD.1080P.%e4%b8%ad%e5%ad%97.mkv&amp;tr=udp%3a%2f%2ftracker.opentrackr.org%3a1337%2fannounce&amp;tr=udp%3a%2f%2fexodus.desync.com%3a6969%2fannounce
　V/H/S/Beyond, magnet:?xt=urn:btih:7fc0a0ae09a5db67be24ecdbf502c20f65c6680f&amp;dn=%e9%98%b3%e5%85%89%e7%94%b5%e5%bd%b1dygod.org.%e8%87%b4%e5%91%bd%e5%bd%95%e5%83%8f%e5%b8%a6%ef%bc%9a%e8%b6%85%e8%b6%8a.2024.BD.1080P.%e4%b8%ad%e8%8b%b1%e5%8f%8c%e5%ad%97.mkv&amp;tr=udp%3a%2f%2ftracker.opentrackr.org%3a1337%2fannounce&amp;tr=udp%3a%2f%2fexodus.desync.com%3a6969%2fannounce
　老枪, magnet:?xt=urn:btih:e3555eaef71d259de42aa5342ba5037ab83c7c52&amp;dn=%e9%98%b3%e5%85%89%e7%94%b5%e5%bd%b1dygod.org.%e8%80%81%e6%9e%aa.2024.HD.1080P.%e5%9b%bd%e8%af%ad%e4%b8%ad%e8%8b%b1%e5%8f%8c%e5%ad%97.mkv&amp;tr=udp%3a%2f%2ftracker.opentrackr.org%3a1337%2fannounce&amp;tr=udp%3a%2f%2fexodus.desync.com%3a6969%2fannounce
　Wolf Man, magnet:?xt=urn:btih:4e908f74858d5bf403cfbcb746b8cac6ad72e9d3&amp;dn=%e9%98%b3%e5%85%89%e7%94%b5%e5%bd%b1dygod.org.%e7%8b%bc%e4%ba%ba.2025.BD.1080P.%e4%b8%ad%e8%8b%b1%e5%8f%8c%e5%ad%97.mkv&amp;tr=udp%3a%2f%2ftracker.opentrackr.org%3a1337%2fannounce&amp;tr=udp%3a%2f%2fexodus.desync.com%3a6969%2fannounce
　10 Lives, magnet:?xt=urn:btih:31c44b4a425529664edc7ce561395f151ac903d6&amp;dn=%e9%98%b3%e5%85%89%e7%94%b5%e5%bd%b1dygod.org.%e5%8d%81%e6%9d%a1%e5%91%bd.2024.BD.1080P.%e5%9b%bd%e8%8b%b1%e5%8f%8c%e8%af%ad%e4%b8%ad%e5%ad%97.mkv&amp;tr=udp%3a%2f%2ftracker.opentrackr.org%3a1337%2fannounce&amp;tr=udp%3a%2f%2fexodus.desync.com%3a6969%2fannounce
　金钱堡垒, magnet:?xt=urn:btih:ee1ae92d49203a4fb4d7bce1feeeb19e7d1a6806&amp;dn=%e9%98%b3%e5%85%89%e7%94%b5%e5%bd%b1dygod.org.%e9%87%91%e9%92%b1%e5%a0%a1%e5%9e%92.2024.HD.1080P.%e5%9b%bd%e8%af%ad%e4%b8%ad%e5%ad%97.mkv&amp;tr=udp%3a%2f%2ftracker.opentrackr.org%3a1337%2fannounce&amp;tr=udp%3a%2f%2fexodus.desync.com%3a6969%2fannounce
