['¥599'],['京科智慧科技有限公司'],SaaS单商户Saas 商城系统服务
['¥1800'],['秒知科技-质量高-交付快-优惠'],区块链通用型SaaS管理餐饮连锁商家SaaS服务
['¥9800'],['千界科技-国家高新企业十年店'],SAAS平台模板小程序服务到家上门安摩技师预约
['¥4800'],['千界科技-国家高新企业十年店'],SaaSSAAS成品校园跑腿跳蚤二手交易信息发布小程序
['¥1800'],['秒知科技-质量高-交付快-优惠'],协同办公SaaS服务通用型SaaS服务营销管理
['¥5800'],['千界科技-国家高新企业十年店'],SAAS成品粗门活动报名发布交友圈子社区帖子论坛
['¥888'],['千界网络'],SaaSsaas微信公众号小程序商城H5python开发
['¥100'],['MES-生产管理-防伪溯源-物联网-APS排产-WMS-车间'],SAAS|saas软件|sass|saas管理
['¥1000'],['焕链科技-专业区块链服务商'],区块链技术通用型SaaS餐饮系统SaaS收银商家管理
['¥498'],['禾马UI-专业UI设计团队'],SaaSIT交通运输农林牧渔erp管理saas后台系统ui界面设计
['¥106'],['元恒信息'],小程序定制/企业管理/会员商城saas服务
['¥1000'],['焕链科技-专业区块链服务商'],区块链通用型SaaS连锁商家管理餐饮SaaS服务连锁收银
['¥5000'],['天迅达科技-国家高新技术企业'],SaaS企业协同软件开发管理系统SaaS进销存客户定制
['¥100'],['千红视觉'],管理软件界面区块链ui进销存saas界面ERP设计办公
['¥10000'],['千界网络'],saas支付宝微信公众号小程序商城H5python开发
['¥100'],['江东才俊官方旗舰店'],SaaS产品定义规划需求调研市场分析SaaS服务模式定位
['¥498'],['禾马UI-专业UI设计团队'],电商零售百货政府服务erp管理saas后台系统ui界面设计
['¥1100'],['威之德信息-20年实体百人团队'],APP开发商城教育医疗代驾家政外卖SAAS软件系统定制作
['¥1500'],['来客科技企业11年专业经验'],SaaS网站建设ui设计saas插画设计h5企业宣传网站
['¥100'],['上海延喻科技-全国top服务商'],微信定制小程序源码开发社交电商直播SAAS定制
['¥100'],['迷古科技-斩获上海市科技成果一等奖'],SAAS系统研发OA办公财务通信系统企业管理软件定制开发
['¥1000'],['皮皮虾科技★十年经验'],SaaS微信小程序定制开发saas商城前后端游戏UI设计
['¥100'],['上海延喻科技-全国top服务商'],SAAS 系统企业协同软件研发办公管理系统开发
['¥100'],['鸭嘴兽创新集团官方旗舰店'],医疗卫生软件开发SAAS系统预约挂号在线问诊体检
['¥1680'],['匠派品牌'],SaaSSAAS微信公众号小程序开发会员分销商城点餐预约
['¥100'],['江东才俊官方旗舰店'],生产管理软件MES开发定制SAAS系统数据档案仓
['¥5000'],['天迅达科技-国家高新技术企业'],saas支付宝微信公众号小程序商城H5定制分销旅
['¥118'],['北京万博科技公司'],SaaS微信外卖小程序开发小程序商城二开saas系统
['¥1000'],['京科智汇重庆科技有限公司'],app开发定制外包物联网教育电商城直播安卓软件saas
['¥5088'],['八戒软件开发服务'],精准营销【拓客宝】精准获客系统SaaS
['¥3000'],['木风软件-国家高新企业15年店'],SaaS软件开发协同办公项目管理SaaS营销生产财务系统
['¥1000'],['跟进数科'],进销存|软件应用开发|SAAS软件|系统开发|成品软件
['¥102'],['元神设计开发'],APPUI设计安卓IOS界面定制报名系统国外社交SAAS
['¥100'],['三只熊科技'],SaaSSaaS商城电商网站外贸独立站H5定制软件开发
['¥5088'],['八戒营销服务'],精准营销【拓客宝】精准获客系统SaaS
['¥1000'],['北京麦萌科技有限公司'],saas微信商城NFT数字藏品前端小程序定制开发
['¥3000'],['美冠科技-国家高新技术企业'],SaaSLaaS|PaaS|SaaS|软件开发测试云计算
['¥3000'],['简鲸外包'],单商户标准商户系统商城系统商城小程序营销SaaS工具快速
['¥1000'],['木风软件-国家高新企业15年店'],OA办公企业管理餐饮电商教育培训SaaS系统定制
['¥5000'],['悦商东方-国家企业'],SaaSCRM|OA|saas会员管理系统|定制餐饮开发|进库存系统
['¥5000'],['简鲸外包'],软件开发系办公oa进销存系统开发erp系统SaaS考试
['¥2888'],['皮皮虾科技★十年经验'],企业管理SaaS工具软件考勤财务系统定制开发
['¥100'],['派维特定制开发'],SaaSsaas多商城微信小程序定制开发多门店连锁企业
['¥20000'],['悦商东方-国家企业'],北京软件开发|OA|SAAS|ERP|CRM|HRO开发系统
['¥100'],['三只熊科技'],APP小程序物联网SaaS电商网站定制软件开发
['¥1988'],['沃斯品牌'],SaaS微信小程序定制开发saas商城前后端游戏UI设计
['¥6800'],['赵小马网络科技-11年经验实体'],软件界面设计企业OA SAAS ERPCRM功能
['¥3000'],['赵小马网络科技-11年经验实体'],电视显示屏界面建材酒店行业白版erp管理saas
['¥5000'],['云兴软件科技'],SaaSSAAS系统定制开发/SAAS软件开发
['¥1000'],['名锐讯动-广州本地专业定制开发'],分销商城APP定制开发采购saas平台服务系统
['¥2000'],['名锐讯动-广州本地专业定制开发'],智能合约H5定制开发saas系统数据中台区块链
['¥20000'],['遂腾科技'],SaaS办公软件
['¥380'],['千红视觉'],系统界面软件ui后台管理网页设计saas设计erp设计网站
['¥100'],['张悦'],小程序游戏开发saas/steam商城游戏开发
['¥1000'],['小火软件-国家-12年企业'],SaaSCRM系统客户管理软件销售管理订单管理系统企业软件开发
['¥888'],['点睛设计点睛中国'],微信小程序定制开发saas商城前后端游戏UI设计
['¥300'],['敖智信息科技有限公司'],小程序开发 商城小程序 saas商城前后端
['¥199'],['帮利智能科技-10年系统开发'],SaaSSAAS软件开发/电商SAAS/医疗SAAS
['¥600'],['六牛科技-专精特新企业'],微信小程序开发定制作单用商城回收盲盒点餐saas
['¥5999'],['千鸟互联'],微信小程序商城SaaS开发服务
